Names,links,Image,Description
US,https://timesofindia.indiatimes.com/us,,"Chhaava’s excellence lies in its terrific climax. You just wish the film relied and trusted its solid story more than Rahman's music, which largely feels out of place."
IN,https://timesofindia.indiatimes.com/?loc=in,,"Dhoom Dhaam is a fast-paced rollercoaster of action, comedy, and mystery, powered by Yami Gautam Dhar and Pratik Gandhi’s electric chemistry."
,https://timesofindia.indiatimes.com,https://static.toiimg.com/photo/79638690.cms,"Despite its convoluted plot and occasional pacing issues, Brave New World delivers thrilling aerial battles and hand-to-hand combats, strong performances, and enough spectacle to entertain superhero"
City,https://timesofindia.indiatimes.com/city,,10 quotes to inspire and motivate you
mumbai,https://timesofindia.indiatimes.com/city/mumbai,,10 health benefits of chewing cloves daily
delhi,https://timesofindia.indiatimes.com/city/delhi,,10 things parents should never do in the morning before sending kids to school
bengaluru,https://timesofindia.indiatimes.com/city/bangalore,,10 powerful ways to detox and reset your mind
Hyderabad,https://timesofindia.indiatimes.com/city/hyderabad,,10 birds that eat meat and other animals
kolkata,https://timesofindia.indiatimes.com/city/kolkata,,10 exotic animals to spot inside Kashmir's Dachigam National Park
chennai,https://timesofindia.indiatimes.com/city/chennai,,How to make South Indian Paneer Butter Masala Dosa for breakfast
City,https://timesofindia.indiatimes.com/city,,​10 ancient animals that still exist
agra,https://timesofindia.indiatimes.com/city/agra,,Delhi CM Rekha Gupta to attend Yamuna aarti at Vasudev ghat shortly
agartala,https://timesofindia.indiatimes.com/city/agartala,,"After Trump's Indian polls expose, BJP shares old clips of PM blaming Cong"
ahmedabad,https://timesofindia.indiatimes.com/city/ahmedabad,,Why India doesn't need ultra-pricey F-35s & what it should get instead
ajmer,https://timesofindia.indiatimes.com/city/ajmer,,'Not safe in our country': Deportees from US cry for help from Panama hotel
amaravati,https://timesofindia.indiatimes.com/city/amaravati,,"Everest snow cover has retreated by 490ft in 1.5 months, says study"
amritsar,https://timesofindia.indiatimes.com/city/amritsar,,"A decade ago, he was dragged out — now, Vijender Gupta will run the show as Delhi House speaker"
bareilly,https://timesofindia.indiatimes.com/city/bareilly,,"Pride of India, Asia’s first vertical-lift sea bridge set to open in TN"
bhubaneswar,https://timesofindia.indiatimes.com/city/bhubaneswar,,IND vs BAN Live: Shami breaks Towhid -Jaker stand
bhopal,https://timesofindia.indiatimes.com/city/bhopal,,"Tesla likely to import cars from Germany, skip China"
chandigarh,https://timesofindia.indiatimes.com/city/chandigarh,,Watch: How Rohit Sharma messed up Axar's hat-trick chance
chhatrapati sambhajinagar,https://timesofindia.indiatimes.com/city/aurangabad,,"'Dragged out of lift, assaulted': Woman attacks minor over pet dog objection"
coimbatore,https://timesofindia.indiatimes.com/city/coimbatore,,Gurgaon lawyer held for Noida boy’s death in celebratory firing
cuttack,https://timesofindia.indiatimes.com/city/cuttack,,Police receive email threat to bomb Maharashtra deputy CM Shinde’s car
dehradun,https://timesofindia.indiatimes.com/city/dehradun,,'Exercise caution': Centre's advisory to OTT platforms amid 'India's Got Latent' row
erode,https://timesofindia.indiatimes.com/city/erode,,California judge shoots wife during argument while watching 'Breaking Bad'
faridabad,https://timesofindia.indiatimes.com/city/faridabad,,Shopping: Discounts Up to 60% Off on Gadgets & Electronics
ghaziabad,https://timesofindia.indiatimes.com/city/ghaziabad,,NASA leadership changes spark uncertainty over the future of the US Moon program
goa,https://timesofindia.indiatimes.com/city/goa,,Measles outbreak in Texas and New Mexico intensifies: Symptoms and severe complications to watch out for
gurgaon,https://timesofindia.indiatimes.com/city/gurgaon,,"Love & Dating Horoscope for February 20, 2025"
guwahati,https://timesofindia.indiatimes.com/city/guwahati,,"Horoscope Tomorrow, February 21, 2025: Your zodiac insights await"
hubballi,https://timesofindia.indiatimes.com/city/hubli,,Australian children bypass social media age limit restriction as landmark ban nears: Report
imphal,https://timesofindia.indiatimes.com/city/imphal,,"Pokemon GO Zekrom raid guide: Best counters, strengths, weakness, moveset, and more"
indore,https://timesofindia.indiatimes.com/city/indore,,"Daily Muhurat Update (February 20, 2025): Tithi, Festivals, Auspicious Yogas, Rahu Kaal for New York City"
itanagar,https://timesofindia.indiatimes.com/city/itanagar,,Trump Doubles Down On 'False' Condom Claim; '$100 Million Designated By US To Buy...'
jaipur,https://timesofindia.indiatimes.com/city/jaipur,,"Argentina Court Slams Liam Payne's Family, Acquits Roger Nores On 'These' Grounds | WATCH"
jammu,https://timesofindia.indiatimes.com/city/jammu,,Liam Payne Case: Argentina Court Acquits Roger Nores & 2 Hotel Employees Of All Charges
jamshedpur,https://timesofindia.indiatimes.com/city/jamshedpur,,Woman Arrested For Posting Israel PM's Fake Obituary Online | Full Detail
jodhpur,https://timesofindia.indiatimes.com/city/jodhpur,,"Meghan Markle's New Show Fails To Impress, Little Preview Before Release Gets Brutal Review"
kanpur,https://timesofindia.indiatimes.com/city/kanpur,,"Daily Muhurat Update (February 20, 2025): Tithi, Festivals, Auspicious Yogas, Rahu Kaal for Los Angeles"
kochi,https://timesofindia.indiatimes.com/city/kochi,,"Horoscope Today: Astrological Predictions for February 20, 2025"
kohima,https://timesofindia.indiatimes.com/city/kohima,,"If 300-ft asteroid hits earth in 2032, Mumbai and Kolkata at high risk"
kolhapur,https://timesofindia.indiatimes.com/city/kolhapur,,"Pride of India, Asia’s first vertical-lift sea bridge set to open in TN"
kozhikode,https://timesofindia.indiatimes.com/city/kozhikode,,Why India doesn't need ultra-pricey F-35s & what it should get instead
ludhiana,https://timesofindia.indiatimes.com/city/ludhiana,,"Bhumi recalls falling on stage in UP in front of 30,000 people"
lucknow,https://timesofindia.indiatimes.com/city/lucknow,,Ministry of I&B issues an advisory to OTT platforms
madurai,https://timesofindia.indiatimes.com/city/madurai,,Arjun REACTS to people judging him for surname-looks
mangaluru,https://timesofindia.indiatimes.com/city/mangalore,,Bollywood Actors Who Love Painting
meerut,https://timesofindia.indiatimes.com/city/meerut,,STI4: When Vineeta was called out for wearing jeans and tight top
mumbai region,https://timesofindia.indiatimes.com/city/mumbai,,Dia Mirza's ethnic wear
mysuru,https://timesofindia.indiatimes.com/city/mysore,,Sonakshi-Zaheer's adorable pics
nagpur,https://timesofindia.indiatimes.com/city/nagpur,,Amyra Dastur's golden glamour
nashik,https://timesofindia.indiatimes.com/city/nashik,,Tamannaah's animal print outfit
navi mumbai,https://timesofindia.indiatimes.com/city/navi-mumbai,,Madhuri's white Patola saree
noida,https://timesofindia.indiatimes.com/city/noida,,Sanya redefines power dressing
patna,https://timesofindia.indiatimes.com/city/patna,,B-Town divas welcome Bappa in style
prayagraj,https://timesofindia.indiatimes.com/city/allahabad,,Urmila Matondkar the timeless beauty
puducherry,https://timesofindia.indiatimes.com/city/puducherry,,Ananya Panday's style file
pune,https://timesofindia.indiatimes.com/city/pune,,Apoorva Mukhija Unfollows Everyone; Is the 'IGL' Controversy Tearing Her Inner Circle Apart?
raipur,https://timesofindia.indiatimes.com/city/raipur,,Apoorva Mukhija Unfollows Everyone; Is the 'IGL' Controversy Tearing Her Inner Circle Apart?
rajkot,https://timesofindia.indiatimes.com/city/rajkot,,Drake’s Drone Stunt Backfires! Fans Call Out ‘Fake’ Footage & Over-the-Top Acting
ranchi,https://timesofindia.indiatimes.com/city/ranchi,,Exclusive: Saba Azad & Saqib Saleem Address Importance Of Self-Censorship & Side Effects Of Social Media
thane,https://timesofindia.indiatimes.com/city/thane,,Blake Lively Accuses Justin Baldoni of On-Set Misconduct – Shocking Allegations Surface!
salem,https://timesofindia.indiatimes.com/city/salem,,"Supreme Court Hits Ranveer For ‘Perverted’ Remarks; Passport Seized, Travel Blocked - Calls Out His ‘Dirty Mind’"
shillong,https://timesofindia.indiatimes.com/city/shillong,,Heartbreaking Goodbye: Kim Sae-Ron’s Emotional Funeral Leaves K-Stars in Tears
shimla,https://timesofindia.indiatimes.com/city/shimla,,"Surrender looted, illegally-held weapons within 7 days or face strict action: Manipur Governor's ultimatum"
srinagar,https://timesofindia.indiatimes.com/city/srinagar,,'Arvind Kejriwal will have to spend most of his time in jail': BJP's Delhi minister-pick Manjinder Singh Sirsa
surat,https://timesofindia.indiatimes.com/city/surat,,'Guess they were trying to get somebody else elected: Donald Trump on $21m fund for India
trichy,https://timesofindia.indiatimes.com/city/trichy,,'Disturbing': SC on Lokpal order which entertained complaints against sitting HC judges
thiruvananthapuram,https://timesofindia.indiatimes.com/city/thiruvananthapuram,,Ramdev blocks Bryan Johnson on X over Haridwar air quality comment on Patanjali post
udaipur,https://timesofindia.indiatimes.com/city/udaipur,,Woman Arrested For Posting Israel PM's Fake Obituary Online | Full Detail
vadodara,https://timesofindia.indiatimes.com/city/vadodara,,Woman Arrested For Posting Israel PM's Fake Obituary Online | Full Detail
varanasi,https://timesofindia.indiatimes.com/city/varanasi,,"Meghan Markle's New Show Fails To Impress, Little Preview Before Release Gets Brutal Review"
vijayawada,https://timesofindia.indiatimes.com/city/vijayawada,,Hungary Against Ukraine’s EU Bid; Orban Says ‘Entry Will Burden Members’ | Details
visakhapatnam,https://timesofindia.indiatimes.com/city/visakhapatnam,,‘Trump Speaks For Himself’: Senate Majority Leader Comes In Support Of Zelensky
photos,https://timesofindia.indiatimes.com/city/photos,,Barbie Hsu's Ex Husband Wang Xiaofei Sparks Outrage With Contrasting Actions In China
Web Stories,https://timesofindia.indiatimes.com/city/web-stories,,Drake’s Drone Stunt Backfires! Fans Call Out ‘Fake’ Footage & Over-the-Top Acting
Briefs,https://timesofindia.indiatimes.com/briefs,,Gurgaon lawyer held for Noida boy’s death in celebratory firing
India,https://timesofindia.indiatimes.com/india,,IND vs BAN Live: Towhid Hridoy hits century vs India in Dubai
World,https://timesofindia.indiatimes.com/world,,Champions Trophy: India's predicted XI vs Bangladesh | What Rohit Sharma said in the press
Business,https://timesofindia.indiatimes.com/business,,"Mohammad Amir Exclusive: Champions Trophy hopes, India's absence & retirement talk"
Sports,https://timesofindia.indiatimes.com/sports,,MS Dhoni shares his secrets for a stress-free existence
Cricket,https://timesofindia.indiatimes.com/sports/cricket,,England hope 'Bazball' fires in Champions Trophy
Entertainment,https://timesofindia.indiatimes.com/etimes,,Watch: How Rohit Sharma messed up Axar's hat-trick chance
Auto,https://timesofindia.indiatimes.com/auto,,Had doubts if I'd ever play for India again: Mohammed Shami
Tech,https://gadgetsnow.indiatimes.com?utm_source=toiweb&utm_medium=referral&utm_campaign=toiweb_hptopnav,,Job seeker’s rejection email fail is the funniest thing on the internet right now!
Life & Style,https://timesofindia.indiatimes.com/life-style,,Anand Mahindra shares video on mobile phone evolution and questions its future: “Implants in our brains?”
Photos,https://photogallery.indiatimes.com,,Police nab ATM scammer with Rs. 17.9 Lakh; find out where the money went
Blogs,https://timesofindia.indiatimes.com/blogs,,Teen dies after self-injecting butterfly remains; here's what happened
Abound,https://timesclub.app.link/abound,,IITian Baba's 10th and 12th mark-sheet goes viral: Know how he academically performed
ePaper,"https://epaper.indiatimes.com/timesepaper/publication-the-times-of-india,city-delhi.cms?utm_source=TOI&utm_medium=L1&utm_campaign=TOIePaper_Promotions",,​11 mysteries on the Earth that remain unsolved​
TOI+,https://timesofindia.indiatimes.com/toi-plus,,The Worst Planet for a Vacation – Where Even Travel Insurance Won’t Help
Rekha Gupta,https://timesofindia.indiatimes.com/india/delhi-cm-oath-ceremony-2025-live-updates-rekha-gupta-bjp-ramlila-maidan-parvesh-verma-swearing-in-ceremony/liveblog/118402646.cms,,From swipes to soulmates: 5 Zodiac signs that shine in online dating
Sahi hai,https://timesofindia.indiatimes.com/moneymatters,,"If Planets Were Yoga Instructors, Who Would Be the Most Annoying?"
IPL Schedule,https://timesofindia.indiatimes.com/sports/cricket/ipl/schedule,,"Horoscope Today: Astrological Predictions for February 20, 2025"
Champions Trophy Schedule,https://timesofindia.indiatimes.com/sports/cricket/icc-champions-trophy/schedule-fixtures,,5 Zodiac Sign Men Who Bring Unmatched Luck to Their Wives
CEC Appointment,https://timesofindia.indiatimes.com/india/chief-election-commissioner-appointment-live-updates-gyanesh-kumar-cec-rahul-gandhi-vivek-joshi/liveblog/118373927.cms,,Delta's offer of $30k to each passenger of crash-landing flight creates row: 'Are they trying to hide pilots' identity?'
TOISA 2024,https://timesofindia.indiatimes.com/toisa2024?utm_source=TOI&utm_medium=L2&utm_campaign=toisa2024,,Delhi to Mumbai in 12 hours? Delhi-Mumbai Expressway completion delayed by 2 years - here's why
India Schools Online,https://timesofindia.indiatimes.com/education/india-schools-online,,Salary hikes to be flat at 9.2%: Survey
LiveDelhi CM Rekha Gupta to attend Yamuna aarti at Vasudev ghat shortly,https://timesofindia.indiatimes.com/india/delhi-cm-oath-ceremony-2025-live-updates-rekha-gupta-bjp-ramlila-maidan-parvesh-verma-swearing-in-ceremony/liveblog/118402646.cms,"https://static.toiimg.com/thumb/imgsize-293708,msid-118402646,width-600,resizemode-4/118402646.jpg",iPhone parts maker Murata eyes India base
"After Trump's Indian polls expose, BJP shares old clips of PM blaming Cong",https://timesofindia.indiatimes.com/india/trump-admits-to-poll-interference-in-india-bjp-shares-pms-clips-to-pin-blame-on-congress/articleshow/118413701.cms,https://static.toiimg.com/photo/83033472.cms,"ICAI: Disciplinary action against 241 CAs, a new record"
Why India doesn't need ultra-pricey F-35s & what it should get instead,https://timesofindia.indiatimes.com/toi-plus/defence-security/dont-be-f-35ed/articleshow/118393433.cms,https://static.toiimg.com/photo/83033472.cms,"EV policy: Companies require Rs 2,500 crore sales in 2nd year"
'Not safe in our country': Deportees from US cry for help from Panama hotel,https://timesofindia.indiatimes.com/world/rest-of-world/we-are-not-safe-in-our-country-deportees-from-us-cry-for-help-from-panama-hotel/articleshow/118406518.cms,https://static.toiimg.com/photo/83033472.cms,This protein-packed Indian egg dish is among world's '50 best egg dishes'
"Everest snow cover has retreated by 490ft in 1.5 months, says study",https://timesofindia.indiatimes.com/city/dehradun/everests-snow-line-rose-by-490-ft-in-less-than-2-months-nasa-data/articleshow/118395555.cms,https://static.toiimg.com/photo/83033472.cms,How a simple breakfast of egg and bread helped this 24 year old girl save Rs 83 Lakh
"A decade ago, he was dragged out — now, Vijender Gupta will run the show as Delhi House speaker",https://timesofindia.indiatimes.com/city/delhi/a-decade-ago-he-was-dragged-outnow-he-runs-the-show-as-delhi-assembly-speaker/articleshow/118408115.cms,https://static.toiimg.com/photo/83033472.cms,How to make South Indian Appe with dosa batter for breakfast
"Pride of India, Asia’s first vertical-lift sea bridge set to open in TN",https://timesofindia.indiatimes.com/toi-plus/infrastructure/asias-first-vertical-lift-sea-bridge-set-to-open-how-it-works/articleshow/118355575.cms,https://static.toiimg.com/photo/83033472.cms,10 protein-packed comforting dishes made with chickpeas
IND vs BAN Live: Shami breaks Towhid -Jaker stand,https://timesofindia.indiatimes.com/sports/cricket/india-vs-bangladesh-live-score-ind-vs-ban-champions-trophy-2025-national-cricket-team-scorecard-live-streaming-dubai-stadium/liveblog/118407600.cms,https://static.toiimg.com/photo/83033472.cms,​3 effortless ways to set restaurant-style curd​
"Tesla likely to import cars from Germany, skip China",https://timesofindia.indiatimes.com/business/international-business/tesla-likely-to-import-cars-from-germany-skip-china/articleshow/118398940.cms,https://static.toiimg.com/photo/83033472.cms,How to make Dhaba-style Champaran Chicken Handi at home
Watch: How Rohit Sharma messed up Axar's hat-trick chance,https://timesofindia.indiatimes.com/sports/cricket/icc-champions-trophy-2025/watch-how-rohit-sharma-messed-up-axar-patels-hat-trick-chance/articleshow/118416362.cms,https://static.toiimg.com/photo/83033472.cms,You can't miss Mindy Kaling's show-stopping necklace
"'Dragged out of lift, assaulted': Woman attacks minor over pet dog objection",https://timesofindia.indiatimes.com/city/noida/dragged-out-of-lift-assaulted-woman-detained-for-attacking-minor-over-pet-dog-objection-in-greater-noida-society/articleshow/118412726.cms,https://static.toiimg.com/photo/83033472.cms,6 home remedies to improve leg strength and relieve muscle pain
Gurgaon lawyer held for Noida boy’s death in celebratory firing,https://timesofindia.indiatimes.com/city/noida/city-resident-a-lawyer-held-for-boys-death-in-celebratory-firing/articleshow/118393577.cms,https://static.toiimg.com/photo/83033472.cms,"THIS company implements a strict 'two-minute' toilet rule, to fine employees breaking the policy"
Police receive email threat to bomb Maharashtra deputy CM Shinde’s car,https://timesofindia.indiatimes.com/city/mumbai/mumbai-police-receive-email-threat-to-bomb-maharashtra-deputy-cm-eknath-shindes-car/articleshow/118415983.cms,https://static.toiimg.com/photo/83033472.cms,This protein-packed Indian egg dish is among world's '50 best egg dishes'
'Exercise caution': Centre's advisory to OTT platforms amid 'India's Got Latent' row,https://timesofindia.indiatimes.com/india/exercise-caution-centres-advisory-to-ott-platforms-amid-indias-got-latent-row/articleshow/118412550.cms,https://static.toiimg.com/photo/83033472.cms,How to use Honey for instant hair growth
California judge shoots wife during argument while watching 'Breaking Bad',https://timesofindia.indiatimes.com/world/us/california-judge-shoots-wife-during-argument-while-watching-breaking-bad/articleshow/118403215.cms,https://static.toiimg.com/photo/83033472.cms,6 types of people every child will face in life and how to deal with them
Shopping: Discounts Up to 60% Off on Gadgets & Electronics,https://timesofindia.indiatimes.com/us/amazon-bestsellers,https://static.toiimg.com/photo/83033472.cms,10 most beautiful lines from Shakespeare's plays with profound meaning
NASA leadership changes spark uncertainty over the future of the US Moon program,https://timesofindia.indiatimes.com/science/nasa-leadership-changes-spark-uncertainty-over-the-future-of-the-us-moon-program/articleshow/118415137.cms,https://static.toiimg.com/photo/83033472.cms,5 natural sources of Biotin which encourage hair growth
Measles outbreak in Texas and New Mexico intensifies: Symptoms and severe complications to watch out for,https://timesofindia.indiatimes.com/life-style/health-fitness/health-news/measles-outbreak-in-texas-and-new-mexico-intensifies-symptoms-and-severe-complications-to-watch-out-for/articleshow/118418702.cms,https://static.toiimg.com/photo/83033472.cms,10 most beautiful lines from Shakespeare's plays with profound meaning
"Love & Dating Horoscope for February 20, 2025",https://timesofindia.indiatimes.com/astrology/horoscope/love-dating-horoscope-for-february-20-2025/articleshow/118387604.cms,https://static.toiimg.com/photo/83033472.cms,5 designer essential bags every 'Momager' should have
"Horoscope Tomorrow, February 21, 2025: Your zodiac insights await",https://timesofindia.indiatimes.com/astrology/horoscope/horoscope-tomorrow-february-21-2025-your-zodiac-insights-await/articleshow/118393926.cms,https://static.toiimg.com/photo/83033472.cms,10 things parents should never do in the morning before sending kids to school
Australian children bypass social media age limit restriction as landmark ban nears: Report,https://timesofindia.indiatimes.com/technology/tech-news/australian-children-bypass-social-media-age-limit-restriction-as-landmark-ban-nears-report/articleshow/118414730.cms,https://static.toiimg.com/photo/83033472.cms,10 timeless lines from Mirza Ghalib's shayaris
"Pokemon GO Zekrom raid guide: Best counters, strengths, weakness, moveset, and more",https://timesofindia.indiatimes.com/sports/esports/pokemon/pokemon-go-zekrom-raid-guide-best-counters-strengths-weakness-moveset-and-more/articleshow/118418273.cms,https://static.toiimg.com/photo/83033472.cms,7 fruits that help a person lose extra fat near the belly
"Daily Muhurat Update (February 20, 2025): Tithi, Festivals, Auspicious Yogas, Rahu Kaal for New York City",https://timesofindia.indiatimes.com/astrology/panchang/daily-muhurat-update-february-20-2025-tithi-festivals-auspicious-yogas-rahu-kaal-for-new-york-city/articleshow/118387650.cms,https://static.toiimg.com/photo/83033472.cms,6 benefits of drinking ginger-turmeric tea in the morning
Trump Doubles Down On 'False' Condom Claim; '$100 Million Designated By US To Buy...',https://timesofindia.indiatimes.com/videos/international/trump-doubles-down-on-false-condom-claim-100-million-designated-by-us-to-buy-/videoshow/118415643.cms,https://static.toiimg.com/photo/83033472.cms,Sanya Malhotra approved trendy blouse designs
"Argentina Court Slams Liam Payne's Family, Acquits Roger Nores On 'These' Grounds | WATCH",https://timesofindia.indiatimes.com/videos/entertainment/english/argentina-court-slams-liam-paynes-family-acquits-roger-nores-on-these-grounds-watch/videoshow/118419327.cms,https://static.toiimg.com/photo/83033472.cms,"UK Hindus protest Islamophobia panel, say tackle all hatred"
Liam Payne Case: Argentina Court Acquits Roger Nores & 2 Hotel Employees Of All Charges,https://timesofindia.indiatimes.com/videos/entertainment/english/liam-payne-case-argentina-court-acquits-roger-nores-2-hotel-employees-of-all-charges/videoshow/118418354.cms,https://static.toiimg.com/photo/83033472.cms,Edition
Woman Arrested For Posting Israel PM's Fake Obituary Online | Full Detail,https://timesofindia.indiatimes.com/videos/international/woman-arrested-for-posting-israel-pms-fake-obituary-online-full-detail/videoshow/118414077.cms,https://static.toiimg.com/photo/83033472.cms,US
"Meghan Markle's New Show Fails To Impress, Little Preview Before Release Gets Brutal Review",https://timesofindia.indiatimes.com/videos/entertainment/english/meghan-markles-new-show-fails-to-impress-little-preview-before-release-gets-brutal-review/videoshow/118412773.cms,https://static.toiimg.com/photo/83033472.cms,Sign In
"Daily Muhurat Update (February 20, 2025): Tithi, Festivals, Auspicious Yogas, Rahu Kaal for Los Angeles",https://timesofindia.indiatimes.com/astrology/panchang/daily-muhurat-update-february-20-2025-tithi-festivals-auspicious-yogas-rahu-kaal-for-los-angeles/articleshow/118387657.cms,https://static.toiimg.com/photo/83033472.cms,Sign In
"Horoscope Today: Astrological Predictions for February 20, 2025",https://timesofindia.indiatimes.com/astrology/horoscope/horoscope-today-astrological-predictions-for-february-20-2025/articleshow/118387612.cms,https://static.toiimg.com/photo/83033472.cms,
Today's ePaper,"https://epaper.indiatimes.com/timesepaper/publication-the-times-of-india,city-delhi.cms?redirectionSource=TOIWeb",,
SUBSCRIBE,https://buy.indiatimes.com/TOI/plans,,
,"https://epaper.indiatimes.com/timesepaper/publication-the-times-of-india,city-delhi.cms?redirectionSource=TOIWeb","https://static.toiimg.com/thumb/imgsize-839738,msid-118401499,width-600,resizemode-4,quality-80/118401499.jpg",In the News
TOI+,/toi-plus,,
Exclusive Stories,https://timesofindia.indiatimes.com/toi-plus,,"Steve Bannon calls Elon Musk a ‘parasitic illegal immigrant’, escalates criticism and questions his influence in the US Government"
"If 300-ft asteroid hits earth in 2032, Mumbai and Kolkata at high risk",https://timesofindia.indiatimes.com/toi-plus/international/if-asteroid-strikes-earth-in-2032-mumbai-kolkata-among-cities-most-at-risk/articleshow/118386159.cms,,Mindy Kaling’s star on Hollywood Walk of Fame being celebrated by Indian Americans in entertainment sector
"Pride of India, Asia’s first vertical-lift sea bridge set to open in TN",https://timesofindia.indiatimes.com/toi-plus/infrastructure/asias-first-vertical-lift-sea-bridge-set-to-open-how-it-works/articleshow/118355575.cms,,Anand Mahindra shares video on mobile phone evolution and questions its future: “Implants in our brains?”
Why India doesn't need ultra-pricey F-35s & what it should get instead,https://timesofindia.indiatimes.com/toi-plus/defence-security/dont-be-f-35ed/articleshow/118393433.cms,,Delta's offer of $30k to each passenger of crash-landing flight creates row: 'Are they trying to hide pilots' identity?'
"Steve Bannon calls Elon Musk a ‘parasitic illegal immigrant’, escalates criticism and questions his influence in the US Government",https://timesofindia.indiatimes.com/world/steve-bannon-calls-elon-musk-a-parasitic-illegal-immigrant-escalates-criticism-and-questions-his-influence-in-the-us-government/articleshow/118411667.cms,,Job seeker’s rejection email fail is the funniest thing on the internet right now!
Mindy Kaling’s star on Hollywood Walk of Fame being celebrated by Indian Americans in entertainment sector,https://timesofindia.indiatimes.com/world/us/mindy-kalings-star-on-hollywood-walk-of-fame-being-celebrated-by-indian-americans-in-entertainment-sector/articleshow/118410627.cms,,MS Dhoni shares his secrets for a stress-free existence
Anand Mahindra shares video on mobile phone evolution and questions its future: “Implants in our brains?”,https://timesofindia.indiatimes.com/etimes/trending/anand-mahindra-shares-video-on-mobile-phone-evolution-and-questions-its-future-implants-in-our-brains/articleshow/118418449.cms,,Are dating apps the new job portals? Woman uses Hinge for job search and shares viral chat screenshots
Delta's offer of $30k to each passenger of crash-landing flight creates row: 'Are they trying to hide pilots' identity?',https://timesofindia.indiatimes.com/world/us/deltas-offer-of-30k-to-each-passenger-of-crash-landing-flight-creates-row-are-they-trying-to-hide-pilots-identity/articleshow/118419861.cms,,'He did this while kids were dying': Elon Musk slams Zelenskyy over wartime Vogue photoshoot
Job seeker’s rejection email fail is the funniest thing on the internet right now!,https://timesofindia.indiatimes.com/etimes/trending/job-seekers-rejection-email-fail-is-the-funniest-thing-on-the-internet-right-now/articleshow/118419823.cms,,Egg vs Paneer: Which one is a better source of protein for weight loss
MS Dhoni shares his secrets for a stress-free existence,https://timesofindia.indiatimes.com/sports/cricket/news/ms-dhoni-shares-his-secrets-for-a-stress-free-existence/articleshow/118414061.cms,,Love wearing your favourite lipstick? It might lead to THESE dangerous diseases!
Are dating apps the new job portals? Woman uses Hinge for job search and shares viral chat screenshots,https://timesofindia.indiatimes.com/technology/social/are-dating-apps-the-new-job-portals-woman-uses-hinge-for-job-search-and-shares-viral-chat-screenshots/articleshow/118412744.cms,,Trending News
'He did this while kids were dying': Elon Musk slams Zelenskyy over wartime Vogue photoshoot,https://timesofindia.indiatimes.com/world/us/he-did-this-while-kids-were-dying-elon-musk-slams-zelenskyy-over-wartime-vogue-photoshoot/articleshow/118408507.cms,,
Egg vs Paneer: Which one is a better source of protein for weight loss,https://timesofindia.indiatimes.com/life-style/health-fitness/diet/egg-vs-paneer-which-one-is-a-better-source-of-protein-for-weight-loss/articleshow/118416112.cms,,
Love wearing your favourite lipstick? It might lead to THESE dangerous diseases!,https://timesofindia.indiatimes.com/life-style/health-fitness/health-news/love-wearing-your-favourite-lipstick-it-might-lead-to-these-dangerous-diseases/articleshow/118416282.cms,,Entertainment
MS Dhoni,https://timesofindia.indiatimes.com/sports/cricket/news/when-i-was-playing-i-made-sure-ms-dhoni/articleshow/118395662.cms,,When Ranbir left Rashmika crying on sets of Animal
IND vs BAN,https://timesofindia.indiatimes.com/sports/cricket/india-vs-bangladesh-live-score-ind-vs-ban-champions-trophy-2025-national-cricket-team-scorecard-live-streaming-dubai-stadium/liveblog/118407600.cms,,Shenaz loses a brand following Ranveer's controversy
BJP Delhi CM,https://timesofindia.indiatimes.com/india/celebrations-erupt-outside-rekha-guptas-residence-as-bjp-names-her-delhis-next-cm/articleshow/118392292.cms,,"Aadar calls past relationships 'time pass', faces backlash"
Who is Rekha Gupta,https://timesofindia.indiatimes.com/india/who-is-rekha-gupta-delhis-next-chief-minister/articleshow/118391683.cms,,What’s happening with the OTT deal for Sky Force?
Champions Trophy Points Table,https://timesofindia.indiatimes.com/sports/cricket/icc-champions-trophy/points-table,,Nicole Kidman's 'Babygirl' CENSORED in India
IND vs PAK Head to Head,https://timesofindia.indiatimes.com/sports/cricket/india-vs-pakistan-head-to-head-upcoming-match-schedule-and-results/108258195,,Vicky’s climax look in Chhaava took over four hours of make-up
Champions Trophy Schedule 2025,https://timesofindia.indiatimes.com/sports/cricket/icc-champions-trophy/schedule-fixtures,,6 benefits of drinking Okra water with lemon every morning
Delhi Cabinet Ministers,https://timesofindia.indiatimes.com/india/who-are-the-6-cabinet-ministers-sworn-in-with-rekha-gupta-in-delhi/articleshow/118410272.cms,,Optical illusion: What you see shows how you handle stress
Sanju Samson,https://timesofindia.indiatimes.com/sports/cricket/ipl/top-stories/thoda-aur-bhaiya-sanju-samsons-cute-reaction-to-ms-dhonis-ipl-career/articleshow/118404832.cms,,Zahan Kapoor says shooting with Shah Rukh Khan was 'difficult'
Lamelo Ball,https://timesofindia.indiatimes.com/sports/nba/top-stories/lonzo-liangelo-and-lamelo-balls-father-lavar-ball-faces-major-health-battle-undergoes-foot-amputation/articleshow/118402417.cms,,Celebrity MasterChef: Net worth of the contestants
,https://timesofindia.indiatimes.com/forceforgood?utm_source=TOI&utm_medium=SpotlightSlug_US&utm_campaign=AForceForGood,https://static.toiimg.com/photo/83033472.cms,Exclusive: Rozlyn shares PET scan reports with Hina's name on it
,https://timesofindia.indiatimes.com/business/financial-literacy?utm_source=TOI&utm_medium=Co-Marekting&utm_campaign=FLD,https://static.toiimg.com/photo/83033472.cms,Munmun shares a hilarious video dancing to Govinda’s song
Entertainment,https://timesofindia.indiatimes.com/etimes,,Kaveri Kapur: 'I was happy when my parents got divorced'
"Bhumi recalls falling on stage in UP in front of 30,000 people",https://timesofindia.indiatimes.com/entertainment/hindi/bollywood/news/bhumi-pednekar-recalls-falling-on-stage-in-up-in-front-of-30000-people-while-hosting-with-ayushmanna-khurrana-mere-liye-woh-comedy-bilkul-nahi-tha-/articleshow/118418591.cms,https://static.toiimg.com/photo/83033472.cms,Vishal slams outrage over Samay and Ranveer controversy
Ministry of I&B issues an advisory to OTT platforms,https://timesofindia.indiatimes.com/web-series/news/hindi/ministry-of-information-and-broadcasting-issues-an-advisory-to-ott-platforms-to-regulate-the-alleged-spread-of-obscene-content/articleshow/118418493.cms,https://static.toiimg.com/photo/83033472.cms,Etimes Photos
Arjun REACTS to people judging him for surname-looks,https://timesofindia.indiatimes.com/entertainment/hindi/bollywood/news/arjun-kapoor-reacts-to-people-judging-him-based-on-his-surname-and-looks-i-dont-appreciate-that-kind-of-criticism-/articleshow/118417480.cms,https://static.toiimg.com/photo/83033472.cms,Reviews
Bollywood Actors Who Love Painting,https://timesofindia.indiatimes.com/entertainment/hindi/web-stories/bollywood-actors-who-love-painting/photostory/118414831.cms,https://static.toiimg.com/photo/83033472.cms,Critic Rating
STI4: When Vineeta was called out for wearing jeans and tight top,https://timesofindia.indiatimes.com/tv/news/hindi/from-being-called-out-for-wearing-jeans-and-tight-top-to-discussing-bank-balance-with-husband-before-going-to-bed-shark-tank-india-4s-vineeta-singh-makes-candid-revelations/photostory/118419958.cms,https://static.toiimg.com/photo/83033472.cms,3.5
When Ranbir left Rashmika crying on sets of Animal,https://timesofindia.indiatimes.com/entertainment/hindi/bollywood/news/when-ranbir-kapoor-left-rashmika-mandanna-crying-on-sets-of-animal-hum-toh-aam-aadmi-hain-naa-/articleshow/118416828.cms,,Critic Rating
Shenaz loses a brand following Ranveer's controversy,https://timesofindia.indiatimes.com/web-series/news/hindi/shenaz-treasury-gets-dropped-by-a-brand-following-the-ranveer-allahbadias-controversy/articleshow/118417866.cms,,3.5
"Aadar calls past relationships 'time pass', faces backlash",https://timesofindia.indiatimes.com/entertainment/hindi/bollywood/news/aadar-jain-faces-backlash-after-calling-his-past-relationships-time-pass-netizens-tag-him-as-a-red-flag/articleshow/118414241.cms,,Critic Rating
What’s happening with the OTT deal for Sky Force?,https://timesofindia.indiatimes.com/entertainment/hindi/bollywood/news/whats-happening-with-the-ott-deal-for-akshay-kumar-veer-pahariyas-sky-force/articleshow/118413380.cms,,3.0
Nicole Kidman's 'Babygirl' CENSORED in India,https://timesofindia.indiatimes.com/entertainment/english/hollywood/news/nicole-kidmans-babygirl-censored-in-india-cbfc-deletes-intimate-scenes-and-nudity-from-a-rated-film/articleshow/118414498.cms,,In focus
Vicky’s climax look in Chhaava took over four hours of make-up,https://timesofindia.indiatimes.com/entertainment/hindi/bollywood/news/vicky-kaushals-climax-look-in-chhaava-took-more-than-four-hours-of-make-up-preetisheel-singh-dsouza-exclusive/articleshow/118409694.cms,,Videos
6 benefits of drinking Okra water with lemon every morning,https://timesofindia.indiatimes.com/life-style/health-fitness/diet/6-benefits-of-drinking-okra-water-with-lemon-every-morning/articleshow/118357056.cms,,
Optical illusion: What you see shows how you handle stress,https://timesofindia.indiatimes.com/life-style/relationships/work/optical-illusion-personality-test-first-thing-you-see-reveals-how-you-handle-pressure/articleshow/118330422.cms,,India
Zahan Kapoor says shooting with Shah Rukh Khan was 'difficult',https://timesofindia.indiatimes.com/entertainment/hindi/bollywood/news/shashi-kapoors-grandson-zahan-kapoor-says-shooting-with-shah-rukh-khan-was-difficult-hes-older-now-body-unki-/articleshow/118387837.cms,,In pics: Meet the newly sworn-in cabinet of Delhi assembly
Celebrity MasterChef: Net worth of the contestants,https://timesofindia.indiatimes.com/tv/news/hindi/celebrity-masterchef-from-tejasswi-prakash-to-gaurav-khanna-dipika-kakar-and-others-net-worth-of-the-contestants/photostory/118414533.cms,,Who are the 6 cabinet ministers sworn in with Rekha Gupta in Delhi?
Exclusive: Rozlyn shares PET scan reports with Hina's name on it,https://timesofindia.indiatimes.com/tv/news/hindi/exclusive-rozlyn-khan-shares-pet-scan-reports-with-breast-cancer-fighter-hina-khans-name-on-it-says-the-world-will-know-how-she-misused-cancer-as-a-tool-for-publicity/articleshow/118414955.cms,,"Rekha Gupta takes oath as Delhi CM in presence of PM Modi, top NDA leaders"
Munmun shares a hilarious video dancing to Govinda’s song,https://timesofindia.indiatimes.com/tv/news/hindi/taarak-mehtas-munmun-dutta-shares-a-hilarious-video-dancing-to-govindas-song-watch/articleshow/118411998.cms,,Tribunals can’t overturn its own finding on Assam foreigners: SC
Kaveri Kapur: 'I was happy when my parents got divorced',https://timesofindia.indiatimes.com/entertainment/hindi/bollywood/news/kaveri-kapur-i-was-happy-when-my-parents-shekhar-kapur-and-suchitra-krishnamoorthi-got-divorced-but-it-took-a-toll-on-me-exclusive/articleshow/118397477.cms,,"SC adjourns hearing on challenge to CEC, EC selection law; hearings on pre-fixed cases consume bench’s judicial schedule"
Vishal slams outrage over Samay and Ranveer controversy,https://timesofindia.indiatimes.com/entertainment/hindi/bollywood/news/vishal-dadlani-slams-outrage-over-samay-raina-and-ranveer-allahbadia-controversy-questions-what-about-kumbh-stampede/articleshow/118397302.cms,,"Man locks ill mother at home, takes wife, kids to Maha Kumbh for holy dip"
Etimes Photos,https://photogallery.indiatimes.com/,,"Trump admits to poll interference in India, BJP shares PM's clips to pin blame on Congress"
10Dia Mirza's ethnic wear,https://photogallery.indiatimes.com/celebs/bollywood/dia-mirzas-ethnic-wear-is-a-captivating-display-of-timeless-elegance-and-grace/articleshow/114243360.cms,https://static.toiimg.com/photo/83033472.cms,UP Budget 2025 is dedicated to Sanatan culture of India: Yogi Adityanath
10Sonakshi-Zaheer's adorable pics,https://photogallery.indiatimes.com/celebs/bollywood/sonakshi-and-zaheer-dazzle-in-matching-red-outfits-perfectly-coordinating-their-festive-look/articleshow/113655480.cms,https://static.toiimg.com/photo/83033472.cms,'Exercise caution': Centre's advisory to OTT platforms amid 'India's Got Latent' row
10Amyra Dastur's golden glamour,https://photogallery.indiatimes.com/celebs/bollywood/amyra-dasturs-golden-off-shoulder-dress-is-a-fashion-polices-delight-see-pics/articleshow/113627162.cms,https://static.toiimg.com/photo/83033472.cms,TOI Videos
10Tamannaah's animal print outfit,https://photogallery.indiatimes.com/celebs/bollywood/tamannaah-bhatia-turns-heads-in-bold-animal-print-and-furry-ensemble-see-pics/articleshow/113484820.cms,https://static.toiimg.com/photo/83033472.cms,
10Madhuri's white Patola saree,https://photogallery.indiatimes.com/celebs/bollywood/in-pics-madhuri-dixits-unmissable-elegance-shines-in-a-white-patola-saree/articleshow/113385665.cms,https://static.toiimg.com/photo/83033472.cms,City
10Sanya redefines power dressing,https://photogallery.indiatimes.com/celebs/bollywood/sanya-malhotra-redefines-power-dressing-with-her-bold-and-chic-style/articleshow/113286980.cms,https://static.toiimg.com/photo/83033472.cms,"In picking Rekha Gupta for Delhi CM's post, RSS student wing strikes again"
11B-Town divas welcome Bappa in style,https://photogallery.indiatimes.com/celebs/bollywood/from-kareena-kapoor-to-ananya-panday-bollywood-divas-welcome-bappa-in-style/articleshow/113189471.cms,https://static.toiimg.com/photo/83033472.cms,HC seeks Uttarakhand govt's reply as UCC form asks for live-in couples’ past info
10Urmila Matondkar the timeless beauty,https://photogallery.indiatimes.com/celebs/bollywood/in-pics-urmila-matondkar-is-the-ultimate-fashion-diva-with-timeless-beauty/articleshow/113020243.cms,https://static.toiimg.com/photo/83033472.cms,"As oven deadline looms, Maharashtra neta seeks heritage tag for Irani bakeries"
10Ananya Panday's style file,https://photogallery.indiatimes.com/celebs/bollywood/ananya-pandays-style-the-versatile-journey-down-fashions-many-roads/articleshow/112898574.cms,https://static.toiimg.com/photo/83033472.cms,Youth who entered Shah Rukh Khan's bungalow 'Mannat' in 2023 caught for burglary in Gujarat
Reviews,https://timesofindia.indiatimes.com/web-series/reviews,,Delhi CM's oath-taking today; BJP pulls out all stops to make it a grand affair
"ChhaavaChhaava’s excellence lies in its terrific climax. You just wish the film relied and trusted its solid story more than Rahman's music, which largely feels out of place.Critic Rating3.5",https://timesofindia.indiatimes.com/entertainment/hindi/movie-reviews/chhaava/movie-review/118225189.cms,,"Wife, ‘lover’ held for killing man pursuing her rape case in UP court"
"Dhoom DhaamDhoom Dhaam is a fast-paced rollercoaster of action, comedy, and mystery, powered by Yami Gautam Dhar and Pratik Gandhi’s electric chemistry.Critic Rating3.5",https://timesofindia.indiatimes.com/entertainment/hindi/movie-reviews/dhoom-dhaam/ottmoviereview/118240181.cms,,Uttarakhand to ban outsiders from buying agri land
"Captain America: Brave New WorldDespite its convoluted plot and occasional pacing issues, Brave New World delivers thrilling aerial battles and hand-to-hand combats, strong performances, and enough spectacle to entertain superheroCritic Rating3.0",https://timesofindia.indiatimes.com/entertainment/english/movie-reviews/captain-america-brave-new-world/movie-review/118234432.cms,,"Planned drama, says Muda scam case petitioner as Lokayukta gives Siddaramaiah, his wife clean chit"
Aadar Jain,https://timesofindia.indiatimes.com/entertainment/hindi/bollywood/news/aadar-jain-faces-backlash-after-calling-his-past-relationships-time-pass-netizens-tag-him-as-a-red-flag/articleshow/118414241.cms,,"Arvind Kejriwal, Atishi among those to congratulate Delhi CM-designate Rekha Gupta"
Skyforce,https://timesofindia.indiatimes.com/entertainment/hindi/bollywood/news/whats-happening-with-the-ott-deal-for-akshay-kumar-veer-pahariyas-sky-force/articleshow/118413380.cms,,
Samay Raina,https://timesofindia.indiatimes.com/web-series/news/hindi/samay-rain-to-receive-second-summons-from-maharashtra-cyber-department/articleshow/118412568.cms,,Sports
Vicky Kaushal,https://timesofindia.indiatimes.com/entertainment/hindi/bollywood/news/vicky-kaushals-climax-look-in-chhaava-took-more-than-four-hours-of-make-up-preetisheel-singh-dsouza-exclusive/articleshow/118409694.cms,,ICC approves Imam-ul-Haq as Fakhar's replacement in Pak squad
Arjun Kapoor,https://timesofindia.indiatimes.com/entertainment/hindi/bollywood/news/arjun-kapoor-on-love-and-relationships-after-breakup-with-malaika-arora-its-about-sharing-silences-not-just-togetherness/articleshow/118402246.cms,,'Thoda aur bhaiya' - Samson's cute reaction to Dhoni's IPL career
Daniel Fernandes,https://timesofindia.indiatimes.com/web-series/news/hindi/dont-worry-about-samay-raina-says-comedian-daniel-fernandes-amid-the-indias-got-latent-controversy/articleshow/118401985.cms,,Dominant NZ crush Pakistan in Champions Trophy opener
Justin Baldoni,https://timesofindia.indiatimes.com/entertainment/english/hollywood/news/justin-baldonis-legal-team-reacts-to-blake-livelys-amended-lawsuit-netizens-convinced-actress-and-husband-ryan-reynolds-will-lose-400-million-battle/articleshow/118401651.cms,,CT Digest: India open campaign after Pakistan's sorry start
Vicky Kaushal,https://timesofindia.indiatimes.com/entertainment/hindi/bollywood/news/chhaava-star-vicky-kaushals-movies-to-watch-on-ott/articleshow/118401616.cms,,"India's spin puzzle: Why Axar, Jadeja are irreplaceable in Champions Trophy plans"
Videos,https://timesofindia.indiatimes.com/videos,,Jerk Fox
03:20Apoorva Mukhija Unfollows Everyone; Is the 'IGL' Controversy Tearing Her Inner Circle Apart?,https://timesofindia.indiatimes.com/videos/etimes/bollywood/apoorva-mukhija-unfollows-everyone-is-the-igl-controversy-tearing-her-inner-circle-apart/videoshow/118411624.cms,https://static.toiimg.com/photo/83033472.cms,Josh Allen
03:20Apoorva Mukhija Unfollows Everyone; Is the 'IGL' Controversy Tearing Her Inner Circle Apart?,https://timesofindia.indiatimes.com/videos/etimes/bollywood/apoorva-mukhija-unfollows-everyone-is-the-igl-controversy-tearing-her-inner-circle-apart/videoshow/118411624.cms,https://static.toiimg.com/photo/83033472.cms,Patrick Mahomes
03:10Drake’s Drone Stunt Backfires! Fans Call Out ‘Fake’ Footage & Over-the-Top Acting,https://timesofindia.indiatimes.com/videos/entertainment/english/drakes-drone-stunt-backfires-fans-call-out-fake-footage-over-the-top-acting/videoshow/118411526.cms,https://static.toiimg.com/photo/83033472.cms,Jimmy Butler
24:39Exclusive: Saba Azad & Saqib Saleem Address Importance Of Self-Censorship & Side Effects Of Social Media,https://timesofindia.indiatimes.com/videos/etimes/bollywood/exclusive-saba-azad-saqib-saleem-address-importance-of-self-censorship-side-effects-of-social-media/videoshow/118387228.cms,https://static.toiimg.com/photo/83033472.cms,Luka Doncic
03:12Blake Lively Accuses Justin Baldoni of On-Set Misconduct – Shocking Allegations Surface!,https://timesofindia.indiatimes.com/videos/entertainment/english/blake-lively-accuses-justin-baldoni-of-on-set-misconduct-shocking-allegations-surface/videoshow/118402411.cms,https://static.toiimg.com/photo/83033472.cms,
"03:11Supreme Court Hits Ranveer For ‘Perverted’ Remarks; Passport Seized, Travel Blocked - Calls Out His ‘Dirty Mind’",https://timesofindia.indiatimes.com/videos/etimes/bollywood/supreme-court-hits-ranveer-for-perverted-remarks-passport-seized-travel-blocked-calls-out-his-dirty-mind/videoshow/118354565.cms,https://static.toiimg.com/photo/83033472.cms,Trending
03:08Heartbreaking Goodbye: Kim Sae-Ron’s Emotional Funeral Leaves K-Stars in Tears,https://timesofindia.indiatimes.com/videos/entertainment/regional/others/heartbreaking-goodbye-kim-sae-rons-emotional-funeral-leaves-k-stars-in-tears/videoshow/118381722.cms,https://static.toiimg.com/photo/83033472.cms,
India,https://timesofindia.indiatimes.com/india,,Visual Stories
"Surrender looted, illegally-held weapons within 7 days or face strict action: Manipur Governor's ultimatum",https://timesofindia.indiatimes.com/india/surrender-looted-illegally-held-weapons-within-7-days-or-face-strict-action-manipur-governors-ultimatum/articleshow/118420236.cms,https://static.toiimg.com/photo/83033472.cms,
In pics: Meet the newly sworn-in cabinet of Delhi assembly,https://timesofindia.indiatimes.com/india/the-newly-sworn-in-delhi-cabinet-includes-rekha-gupta-ramvir-singh-bidhuri-vijender-gupta-ajay-mahawar-anil-bajpai-bhavna-gaur-and-mohan-singh-bisht-/photostory/118412023.cms,,Astrology
Who are the 6 cabinet ministers sworn in with Rekha Gupta in Delhi?,https://timesofindia.indiatimes.com/india/who-are-the-6-cabinet-ministers-sworn-in-with-rekha-gupta-in-delhi/articleshow/118410272.cms,,"Daily Muhurat Update (February 20, 2025): Tithi, Festivals, Auspicious Yogas, Rahu Kaal for New York City"
"Rekha Gupta takes oath as Delhi CM in presence of PM Modi, top NDA leaders",https://timesofindia.indiatimes.com/india/rekha-gupta-takes-oath-as-delhi-cm-in-presence-of-pm-modi-top-nda-leaders/articleshow/118407994.cms,,Which Zodiac Would Have the Best Theme Park?
Tribunals can’t overturn its own finding on Assam foreigners: SC,https://timesofindia.indiatimes.com/india/tribunals-cant-overturn-its-own-finding-on-assam-foreigners-sc/articleshow/118408756.cms,,"Beyond swipes: 5 Zodiac signs that crave deep, real-life love"
"SC adjourns hearing on challenge to CEC, EC selection law; hearings on pre-fixed cases consume bench’s judicial schedule",https://timesofindia.indiatimes.com/india/sc-adjourns-hearing-on-challenge-to-cec-ec-selection-law-hearings-on-pre-fixed-cases-consume-benchs-judicial-schedule/articleshow/118408626.cms,,"Love & Dating Horoscope for February 20, 2025"
"Man locks ill mother at home, takes wife, kids to Maha Kumbh for holy dip",https://timesofindia.indiatimes.com/india/man-locks-ill-mother-at-home-takes-wife-kids-to-maha-kumbh-for-holy-dip/articleshow/118418987.cms,,Which Zodiac Would Have the Most Aesthetic Instagram Feed?
"Trump admits to poll interference in India, BJP shares PM's clips to pin blame on Congress",https://timesofindia.indiatimes.com/india/trump-admits-to-poll-interference-in-india-bjp-shares-pms-clips-to-pin-blame-on-congress/articleshow/118413701.cms,,Best Husbands by Date of Birth – Because the Stars Have a Type
UP Budget 2025 is dedicated to Sanatan culture of India: Yogi Adityanath,https://timesofindia.indiatimes.com/india/up-budget-2025-is-dedicated-to-sanatan-culture-of-india-yogi-adityanath/articleshow/118414926.cms,,"Horoscope Tomorrow, February 21, 2025: Your zodiac insights await"
'Exercise caution': Centre's advisory to OTT platforms amid 'India's Got Latent' row,https://timesofindia.indiatimes.com/india/exercise-caution-centres-advisory-to-ott-platforms-amid-indias-got-latent-row/articleshow/118412550.cms,,7 Things to Absolutely Avoid During Shivratri – Unless Chaos is the Goal
'Arvind Kejriwal will have to spend most of his time in jail': BJP's Delhi minister-pick Manjinder Singh Sirsa,https://timesofindia.indiatimes.com/india/arvind-kejriwal-will-have-to-spend-most-of-his-time-in-jail-bjps-delhi-minister-pick-manjinder-singh-sirsa/articleshow/118407970.cms,https://static.toiimg.com/photo/83033472.cms,"Daily Muhurat Update (February 20, 2025): Tithi, Festivals, Auspicious Yogas, Rahu Kaal for Los Angeles"
'Guess they were trying to get somebody else elected: Donald Trump on $21m fund for India,https://timesofindia.indiatimes.com/india/we-have-got-to-tell-indian-government-donald-trump-questions-21-million-us-fund-for-voter-turnout-in-india/articleshow/118404427.cms,https://static.toiimg.com/photo/83033472.cms,
'Disturbing': SC on Lokpal order which entertained complaints against sitting HC judges,https://timesofindia.indiatimes.com/india/disturbing-sc-on-lokpal-order-which-entertained-complaints-against-sitting-hc-judge/articleshow/118406748.cms,https://static.toiimg.com/photo/83033472.cms,US News
Ramdev blocks Bryan Johnson on X over Haridwar air quality comment on Patanjali post,https://timesofindia.indiatimes.com/india/ramdev-blocks-anti-ageing-campaigner-bryan-johnson-on-x-over-air-quality-comment-on-patanjali-post/articleshow/118406529.cms,https://static.toiimg.com/photo/83033472.cms,Donald Trump wants his new Air Force One jets fast: ‘Boeing's been building this thing forever’
TOI Videos,https://timesofindia.indiatimes.com/videos,,Who is Leland Dudek? Pro-DOGE ‘anti-fraud expert’ takes over as SSA chief after Michelle King’s exit
03:36Woman Arrested For Posting Israel PM's Fake Obituary Online | Full Detail,https://timesofindia.indiatimes.com/videos/international/woman-arrested-for-posting-israel-pms-fake-obituary-online-full-detail/videoshow/118414077.cms,https://static.toiimg.com/photo/83033472.cms,'Guess they were trying to get somebody else elected: Donald Trump on $21m fund for India
03:36Woman Arrested For Posting Israel PM's Fake Obituary Online | Full Detail,https://timesofindia.indiatimes.com/videos/international/woman-arrested-for-posting-israel-pms-fake-obituary-online-full-detail/videoshow/118414077.cms,https://static.toiimg.com/photo/83033472.cms,California judge shoots wife during argument while watching 'Breaking Bad'
"03:06Meghan Markle's New Show Fails To Impress, Little Preview Before Release Gets Brutal Review",https://timesofindia.indiatimes.com/videos/entertainment/english/meghan-markles-new-show-fails-to-impress-little-preview-before-release-gets-brutal-review/videoshow/118412773.cms,https://static.toiimg.com/photo/83033472.cms,Elon Musk 'misinterprets' Social Security data; Experts say millions of dead not receiving benefits
03:21Hungary Against Ukraine’s EU Bid; Orban Says ‘Entry Will Burden Members’ | Details,https://timesofindia.indiatimes.com/videos/international/hungary-against-ukraines-eu-bid-orban-says-entry-will-burden-members-details/videoshow/118408021.cms,https://static.toiimg.com/photo/83033472.cms,'He did this while kids were dying': Elon Musk slams Zelenskyy over wartime Vogue photoshoot
05:09‘Trump Speaks For Himself’: Senate Majority Leader Comes In Support Of Zelensky,https://timesofindia.indiatimes.com/videos/international/trump-speaks-for-himself-senate-majority-leader-comes-in-support-of-zelensky/videoshow/118411257.cms,https://static.toiimg.com/photo/83033472.cms,"Steve Bannon calls Elon Musk a ‘parasitic illegal immigrant’, escalates criticism and questions his influence in the US Government"
03:56Barbie Hsu's Ex Husband Wang Xiaofei Sparks Outrage With Contrasting Actions In China,https://timesofindia.indiatimes.com/videos/entertainment/regional/others/barbie-hsus-ex-husband-wang-xiaofei-sparks-outrage-with-contrasting-actions-in-china/videoshow/118415002.cms,https://static.toiimg.com/photo/83033472.cms,Mindy Kaling’s star on Hollywood Walk of Fame being celebrated by Indian-Americans in entertainment sector
03:10Drake’s Drone Stunt Backfires! Fans Call Out ‘Fake’ Footage & Over-the-Top Acting,https://timesofindia.indiatimes.com/videos/entertainment/english/drakes-drone-stunt-backfires-fans-call-out-fake-footage-over-the-top-acting/videoshow/118411526.cms,https://static.toiimg.com/photo/83033472.cms,How FBI lead Kash Patel stands to make millions from Shein the Chinese company
City,https://timesofindia.indiatimes.com/city,,
,javascript: void(0),,Business
Gurgaon lawyer held for Noida boy’s death in celebratory firing,https://timesofindia.indiatimes.com/city/noida/city-resident-a-lawyer-held-for-boys-death-in-celebratory-firing/articleshow/118393577.cms,https://static.toiimg.com/photo/83033472.cms,"Stock market today: BSE Sensex opens over 300 points down; Nifty50 below 22,900"
"In picking Rekha Gupta for Delhi CM's post, RSS student wing strikes again",https://timesofindia.indiatimes.com/city/delhi/in-picking-rekha-gupta-for-delhi-cms-post-rss-student-wing-strikes-again/articleshow/118405505.cms,,GenNext less focused on building companies: Uday Kotak
HC seeks Uttarakhand govt's reply as UCC form asks for live-in couples’ past info,https://timesofindia.indiatimes.com/city/dehradun/past-lives-hc-seeks-govt-response-on-ucc-reveal-for-live-in-couples/articleshow/118392353.cms,,Automobiles on government's list for trade talks with US
"As oven deadline looms, Maharashtra neta seeks heritage tag for Irani bakeries",https://timesofindia.indiatimes.com/city/mumbai/bjp-neta-dont-let-irani-cafes-go-up-in-smoke-give-heritage-tag/articleshow/118394926.cms,,Irdai forms committee to review Insurance Act
Youth who entered Shah Rukh Khan's bungalow 'Mannat' in 2023 caught for burglary in Gujarat,https://timesofindia.indiatimes.com/city/surat/21-year-old-who-trespassed-srks-bungalow-caught-for-burglary-in-bharuch/articleshow/118394782.cms,,"Tesla likely to import cars from Germany, skip China"
Delhi CM's oath-taking today; BJP pulls out all stops to make it a grand affair,https://timesofindia.indiatimes.com/city/delhi/bjp-pulls-out-all-stops-to-make-it-a-grand-affair/articleshow/118396581.cms,,India auto component industry revenues to expand 8-10% in 2025-26: ICRA
"Wife, ‘lover’ held for killing man pursuing her rape case in UP court",https://timesofindia.indiatimes.com/city/agra/gang-raped-wife-lover-arrested-for-killing-man-pursuing-assault-case-in-court/articleshow/118394008.cms,,UPI users take note! Google Pay introduces convenience fee for these transactions
Uttarakhand to ban outsiders from buying agri land,https://timesofindia.indiatimes.com/city/dehradun/uttarakhand-cabinet-nod-to-draft-land-law-banning-outsiders-from-purchasing-agri-horti-land-in-11-districts/articleshow/118395561.cms,,Why India may raise GST on cigarettes and other tobacco products
"Planned drama, says Muda scam case petitioner as Lokayukta gives Siddaramaiah, his wife clean chit",https://timesofindia.indiatimes.com/city/bengaluru/no-proof-lokayukta-clears-cm-wife-2-others-in-muda-scam/articleshow/118397550.cms,,"Top stocks to buy today: Stock recommendations for February 20, 2025"
"Arvind Kejriwal, Atishi among those to congratulate Delhi CM-designate Rekha Gupta",https://timesofindia.indiatimes.com/city/delhi/kejriwal-atishi-among-those-to-congratulate-rekha/articleshow/118396509.cms,,Axis Bank
Sports,https://timesofindia.indiatimes.com/sports,,Provident Fund
LiveIND vs BAN Live: Towhid Hridoy hits century vs India in Dubai,https://timesofindia.indiatimes.com/sports/cricket/india-vs-bangladesh-live-score-ind-vs-ban-champions-trophy-2025-national-cricket-team-scorecard-live-streaming-dubai-stadium/liveblog/118407600.cms,https://static.toiimg.com/photo/83033472.cms,Income Tax Slabs
ICC approves Imam-ul-Haq as Fakhar's replacement in Pak squad,https://timesofindia.indiatimes.com/sports/cricket/icc-champions-trophy-2025/champions-trophy-icc-approves-imam-ul-haq-as-fakhar-zamans-replacement-in-pakistan-squad/articleshow/118415903.cms,,GST
'Thoda aur bhaiya' - Samson's cute reaction to Dhoni's IPL career,https://timesofindia.indiatimes.com/sports/cricket/ipl/top-stories/thoda-aur-bhaiya-sanju-samsons-cute-reaction-to-ms-dhonis-ipl-career/articleshow/118404832.cms,,Fixed Deposit rates
Dominant NZ crush Pakistan in Champions Trophy opener,https://timesofindia.indiatimes.com/sports/cricket/icc-champions-trophy-2025/dominant-new-zealand-crush-pakistan-by-60-runs-in-champions-trophy-opener/articleshow/118395263.cms,,
CT Digest: India open campaign after Pakistan's sorry start,https://timesofindia.indiatimes.com/sports/cricket/icc-champions-trophy-2025/champions-trophy-digest-india-open-campaign-after-pakistans-sorry-start/articleshow/118401440.cms,,Recipes
"India's spin puzzle: Why Axar, Jadeja are irreplaceable in Champions Trophy plans",https://timesofindia.indiatimes.com/sports/cricket/icc-champions-trophy-2025/indias-spin-puzzle-why-axar-jadeja-are-irreplaceable-in-champions-trophy-plans/articleshow/118394436.cms,,
07:26Champions Trophy: India's predicted XI vs Bangladesh | What Rohit Sharma said in the press,https://timesofindia.indiatimes.com/videos/sports/cricket/champions-trophy-indias-predicted-xi-vs-bangladesh-what-rohit-sharma-said-in-the-press/videoshow/118411704.cms,https://static.toiimg.com/photo/83033472.cms,Lifestyle
"04:02Mohammad Amir Exclusive: Champions Trophy hopes, India's absence & retirement talk",https://timesofindia.indiatimes.com/videos/sports/cricket/mohammad-amir-exclusive-champions-trophy-hopes-indias-absence-retirement-talk/videoshow/118364891.cms,https://static.toiimg.com/photo/83033472.cms,Style
MS Dhoni shares his secrets for a stress-free existence,https://timesofindia.indiatimes.com/sports/cricket/news/ms-dhoni-shares-his-secrets-for-a-stress-free-existence/articleshow/118414061.cms,https://static.toiimg.com/photo/83033472.cms,Jaya Bachchan's regal Ajrakh ensemble
England hope 'Bazball' fires in Champions Trophy,https://timesofindia.indiatimes.com/sports/cricket/icc-champions-trophy-2025/england-hope-bazball-fires-in-champions-trophy/articleshow/118410922.cms,https://static.toiimg.com/photo/83033472.cms,Nike and Kim Kardashian launch new brand NikeSKIMS
Watch: How Rohit Sharma messed up Axar's hat-trick chance,https://timesofindia.indiatimes.com/sports/cricket/icc-champions-trophy-2025/watch-how-rohit-sharma-messed-up-axar-patels-hat-trick-chance/articleshow/118416362.cms,https://static.toiimg.com/photo/83033472.cms,Health & Fitness
Had doubts if I'd ever play for India again: Mohammed Shami,https://timesofindia.indiatimes.com/sports/cricket/icc-champions-trophy-2025/had-doubts-if-id-ever-play-for-india-again-mohammed-shami/articleshow/118409315.cms,https://static.toiimg.com/photo/83033472.cms,Measles outbreak in Texas and New Mexico intensifies: Symptoms and severe complications to watch out for
Jerk Fox,https://timesofindia.indiatimes.com/sports/nfl/news/arrogant-jerk-fox-news-analyst-thrashed-travis-kelce-for-pushing-andy-reid-in-last-years-super-bowl/articleshow/118391465.cms,,Love wearing your favourite lipstick? It might lead to THESE dangerous diseases!
Josh Allen,https://timesofindia.indiatimes.com/sports/nfl/news/in-a-viral-video-josh-allens-fiance-hailee-steinfeld-just-cooked-the-afc-eastand-bills-fans-are-loving-it/articleshow/118398414.cms,,Relationship
Patrick Mahomes,https://timesofindia.indiatimes.com/sports/nfl/news/seven-chilean-nationals-charged-in-burglaries-of-patrick-mahomes-travis-kelce-and-joe-burrows-homes/articleshow/118397976.cms,,10 best quotes on relationships by Sudha Murty
Jimmy Butler,https://timesofindia.indiatimes.com/sports/nba/top-stories/nba-buyout-rumors-golden-state-warriors-could-potentially-sign-4-million-ex-nba-star-to-support-jimmy-butler-and-stephen-curry-and-bolster-the-squad/articleshow/118401330.cms,,Personality Test: Your foot arch reveals if you are grounded or a free spirit
Luka Doncic,https://timesofindia.indiatimes.com/sports/nba/top-stories/nba-buyout-rumors-los-angeles-lakers-might-want-to-bag-euroleague-real-madrid-rookie-to-support-lebron-james-and-luka-doncics-championship-push/articleshow/118401106.cms,,Food
Trending,https://timesofindia.indiatimes.com/etimes/trending,,How a simple breakfast of egg and bread helped this 24 year old girl save Rs 83 Lakh
Job seeker’s rejection email fail is the funniest thing on the internet right now!,https://timesofindia.indiatimes.com/etimes/trending/job-seekers-rejection-email-fail-is-the-funniest-thing-on-the-internet-right-now/articleshow/118419823.cms,https://static.toiimg.com/photo/83033472.cms,How to make South Indian Appe with dosa batter for breakfast
Anand Mahindra shares video on mobile phone evolution and questions its future: “Implants in our brains?”,https://timesofindia.indiatimes.com/etimes/trending/anand-mahindra-shares-video-on-mobile-phone-evolution-and-questions-its-future-implants-in-our-brains/articleshow/118418449.cms,https://static.toiimg.com/photo/83033472.cms,Beauty
Police nab ATM scammer with Rs. 17.9 Lakh; find out where the money went,https://timesofindia.indiatimes.com/etimes/trending/police-nab-atm-scammer-with-rs-17-9-lakh-find-out-where-the-money-went/articleshow/118416883.cms,https://static.toiimg.com/photo/83033472.cms,'Mrs.' actress Sanya Malhotra's curly hair routine revealed
Teen dies after self-injecting butterfly remains; here's what happened,https://timesofindia.indiatimes.com/etimes/trending/teen-dies-after-self-injecting-butterfly-remains-heres-what-happened/articleshow/118411286.cms,https://static.toiimg.com/photo/83033472.cms,Can Henna or Mehendi increase hair growth?
IITian Baba's 10th and 12th mark-sheet goes viral: Know how he academically performed,https://timesofindia.indiatimes.com/etimes/trending/iitian-babas-10th-and-12th-mark-sheet-goes-viral-know-how-he-academically-performed/articleshow/118406403.cms,https://static.toiimg.com/photo/83033472.cms,Parenting
12​11 mysteries on the Earth that remain unsolved​,https://timesofindia.indiatimes.com/etimes/trending/11-mysteries-on-the-earth-that-remain-unsolved/photostory/118407009.cms,https://static.toiimg.com/photo/83033472.cms,10 morning habits successful kids are encouraged to follow
Visual Stories,https://timesofindia.indiatimes.com/etimes/web-stories,,Baby names inspired by Shreenathji
10 quotes to inspire and motivate youLifestyle,https://timesofindia.indiatimes.com/life-style/relationships/web-stories/10-quotes-to-inspire-and-motivate-you/photostory/118394298.cms,https://static.toiimg.com/photo/87458172.cms,Books
10 health benefits of chewing cloves dailyLifestyle,https://timesofindia.indiatimes.com/life-style/health-fitness/web-stories/10-health-benefits-of-chewing-cloves-daily/photostory/118346644.cms,https://static.toiimg.com/photo/87458172.cms,8 most important lessons to take from the Bhagwad Gita
10 things parents should never do in the morning before sending kids to schoolLifestyle,https://timesofindia.indiatimes.com/life-style/parenting/web-stories/10-things-parents-should-never-do-in-the-morning-before-sending-kids-to-school/photostory/118364332.cms,https://static.toiimg.com/photo/87458172.cms,10 timeless lines from Mirza Ghalib's shayaris
10 powerful ways to detox and reset your mindLifestyle,https://timesofindia.indiatimes.com/life-style/relationships/web-stories/10-powerful-ways-to-detox-and-reset-your-mind/photostory/118346633.cms,https://static.toiimg.com/photo/87458172.cms,Videos
10 birds that eat meat and other animalsLifestyle,https://timesofindia.indiatimes.com/life-style/spotlight/web-stories/10-birds-that-eat-meat-and-other-animals/photostory/118355606.cms,https://static.toiimg.com/photo/87458172.cms,"Control Your Senses, Gain Knowledge, Attain Peace: Bhagavad Gita, Chapter 4.39"
10 exotic animals to spot inside Kashmir's Dachigam National ParkTravel,https://timesofindia.indiatimes.com/travel/web-stories/10-exotic-animals-to-spot-inside-kashmirs-dachigam-national-park/photostory/118348257.cms,https://static.toiimg.com/photo/87458172.cms,Cultural Clashes in Love: How To Make Your Relationship Work
How to make South Indian Paneer Butter Masala Dosa for breakfastFood,https://recipes.timesofindia.com/web-stories/how-to-make-south-indian-paneer-butter-masala-dosa-for-breakfast/photostory/118374740.cms,https://static.toiimg.com/photo/87458172.cms,More
​10 ancient animals that still existLifestyle,https://timesofindia.indiatimes.com/life-style/spotlight/web-stories/10-ancient-animals-that-still-exist-today/photostory/118323962.cms,https://static.toiimg.com/photo/87458172.cms,How to grow Cherry tomatoes in the balcony in under 90 days
Astrology,https://timesofindia.indiatimes.com/astrology,,10 birds that are blue in colour
The Worst Planet for a Vacation – Where Even Travel Insurance Won’t Help,https://timesofindia.indiatimes.com/astrology/planets-transits/the-worst-planet-for-a-vacation-where-even-travel-insurance-wont-help/articleshow/118388847.cms,https://static.toiimg.com/photo/83033472.cms,Elon Musk
"Daily Muhurat Update (February 20, 2025): Tithi, Festivals, Auspicious Yogas, Rahu Kaal for New York City",https://timesofindia.indiatimes.com/astrology/panchang/daily-muhurat-update-february-20-2025-tithi-festivals-auspicious-yogas-rahu-kaal-for-new-york-city/articleshow/118387650.cms,,Creatine Benefits
Which Zodiac Would Have the Best Theme Park?,https://timesofindia.indiatimes.com/astrology/zodiacs-astrology/which-zodiac-would-have-the-best-theme-park/articleshow/118388502.cms,,Sanya Malhotra
"Beyond swipes: 5 Zodiac signs that crave deep, real-life love",https://timesofindia.indiatimes.com/astrology/zodiacs-astrology/beyond-swipes-5-zodiac-signs-that-crave-deep-real-life-love/articleshow/118412601.cms,,Mahashivratri 2025
"Love & Dating Horoscope for February 20, 2025",https://timesofindia.indiatimes.com/astrology/horoscope/love-dating-horoscope-for-february-20-2025/articleshow/118387604.cms,,Bhagwad Gita Lessons
Which Zodiac Would Have the Most Aesthetic Instagram Feed?,https://timesofindia.indiatimes.com/astrology/zodiacs-astrology/which-zodiac-would-have-the-most-aesthetic-instagram-feed/articleshow/118388428.cms,,
Best Husbands by Date of Birth – Because the Stars Have a Type,https://timesofindia.indiatimes.com/astrology/numerology-tarot/best-husbands-by-date-of-birth-because-the-stars-have-a-type/articleshow/118388790.cms,,NRI
"Horoscope Tomorrow, February 21, 2025: Your zodiac insights await",https://timesofindia.indiatimes.com/astrology/horoscope/horoscope-tomorrow-february-21-2025-your-zodiac-insights-await/articleshow/118393926.cms,,'India belongs to England': UK man racially abuses Indian-origin woman on train; see video
7 Things to Absolutely Avoid During Shivratri – Unless Chaos is the Goal,https://timesofindia.indiatimes.com/astrology/others/7-things-to-absolutely-avoid-during-shivratri-unless-chaos-is-the-goal/articleshow/118388605.cms,,Indian-origin man sentenced for killing 2 teens in New York crash
"Daily Muhurat Update (February 20, 2025): Tithi, Festivals, Auspicious Yogas, Rahu Kaal for Los Angeles",https://timesofindia.indiatimes.com/astrology/panchang/daily-muhurat-update-february-20-2025-tithi-festivals-auspicious-yogas-rahu-kaal-for-los-angeles/articleshow/118387657.cms,,"Now, Australia cracks down on Indian students breaking rules on work"
From swipes to soulmates: 5 Zodiac signs that shine in online dating,https://timesofindia.indiatimes.com/astrology/zodiacs-astrology/from-swipes-to-soulmates-5-zodiac-signs-that-shine-in-online-dating/articleshow/118411064.cms,https://static.toiimg.com/photo/83033472.cms,Elon Musk's DOGE member who wanted to 'normalize Indian hate' resigns after racist posts resurface
"If Planets Were Yoga Instructors, Who Would Be the Most Annoying?",https://timesofindia.indiatimes.com/astrology/planets-transits/if-planets-were-yoga-instructors-who-would-be-the-most-annoying/articleshow/118388341.cms,https://static.toiimg.com/photo/83033472.cms,"'Saw one die, another drown': Indians deported from US recall ‘donkey’ route ordeal"
"Horoscope Today: Astrological Predictions for February 20, 2025",https://timesofindia.indiatimes.com/astrology/horoscope/horoscope-today-astrological-predictions-for-february-20-2025/articleshow/118387612.cms,https://static.toiimg.com/photo/83033472.cms,Singapore: Indian-origin opposition leader found guilty of giving false testimony
5 Zodiac Sign Men Who Bring Unmatched Luck to Their Wives,https://timesofindia.indiatimes.com/astrology/zodiacs-astrology/5-zodiac-sign-men-who-bring-unmatched-luck-to-their-wives/articleshow/118396165.cms,https://static.toiimg.com/photo/83033472.cms,Worried about your immigration status? Get advice from experts in US immigration laws
US News,https://timesofindia.indiatimes.com/world/us,,Sikh advocacy group in US working to ensure due legal process for asylum seekers from India
Delta's offer of $30k to each passenger of crash-landing flight creates row: 'Are they trying to hide pilots' identity?',https://timesofindia.indiatimes.com/world/us/deltas-offer-of-30k-to-each-passenger-of-crash-landing-flight-creates-row-are-they-trying-to-hide-pilots-identity/articleshow/118419861.cms,https://static.toiimg.com/photo/83033472.cms,Sikh leader Sukhi Chahal congratulates Tulsi Gabbard on US Senate confirmation as director of national intelligence
Donald Trump wants his new Air Force One jets fast: ‘Boeing's been building this thing forever’,https://timesofindia.indiatimes.com/world/us/donald-trump-wants-his-new-air-force-one-jets-fast-boeings-been-building-this-thing-forever/articleshow/118407441.cms,,
Who is Leland Dudek? Pro-DOGE ‘anti-fraud expert’ takes over as SSA chief after Michelle King’s exit,https://timesofindia.indiatimes.com/world/us/who-is-leland-dudek-pro-doge-anti-fraud-expert-takes-over-as-ssa-chief-after-michelle-kings-exit/articleshow/118404751.cms,,Tech
'Guess they were trying to get somebody else elected: Donald Trump on $21m fund for India,https://timesofindia.indiatimes.com/world/us/we-have-got-to-tell-indian-government-donald-trump-questions-21-million-us-fund-for-voter-turnout-in-india/articleshow/118403999.cms,,Garena Free Fire Max Codes
California judge shoots wife during argument while watching 'Breaking Bad',https://timesofindia.indiatimes.com/world/us/california-judge-shoots-wife-during-argument-while-watching-breaking-bad/articleshow/118403215.cms,,Wordle Today
Elon Musk 'misinterprets' Social Security data; Experts say millions of dead not receiving benefits,https://timesofindia.indiatimes.com/world/us/elon-musk-misinterprets-social-security-data-experts-say-millions-of-dead-not-receiving-benefits/articleshow/118402288.cms,,NYT Strands
'He did this while kids were dying': Elon Musk slams Zelenskyy over wartime Vogue photoshoot,https://timesofindia.indiatimes.com/world/us/he-did-this-while-kids-were-dying-elon-musk-slams-zelenskyy-over-wartime-vogue-photoshoot/articleshow/118408507.cms,,NYT Connections
"Steve Bannon calls Elon Musk a ‘parasitic illegal immigrant’, escalates criticism and questions his influence in the US Government",https://timesofindia.indiatimes.com/world/us/steve-bannon-calls-elon-musk-a-parasitic-illegal-immigrant-escalates-criticism-and-questions-his-influence-in-the-us-government/articleshow/118411667.cms,,Mini Crossword
Mindy Kaling’s star on Hollywood Walk of Fame being celebrated by Indian-Americans in entertainment sector,https://timesofindia.indiatimes.com/world/us/mindy-kalings-star-on-hollywood-walk-of-fame-being-celebrated-by-indian-americans-in-entertainment-sector/articleshow/118410627.cms,,
How FBI lead Kash Patel stands to make millions from Shein the Chinese company,https://timesofindia.indiatimes.com/world/us/how-kash-patel-stands-to-make-millions-from-shein-the-chinese-company/articleshow/118407879.cms,,
Business,https://timesofindia.indiatimes.com/business,,
Delhi to Mumbai in 12 hours? Delhi-Mumbai Expressway completion delayed by 2 years - here's why,https://timesofindia.indiatimes.com/business/india-business/delhi-to-mumbai-in-12-hours-delhi-mumbai-expressway-completion-delayed-by-2-years-heres-why/articleshow/118408759.cms,https://static.toiimg.com/photo/83033472.cms,
"Stock market today: BSE Sensex opens over 300 points down; Nifty50 below 22,900",https://timesofindia.indiatimes.com/business/india-business/stock-market-today-bse-sensex-nifty50-february-20-dalal-street-indian-equities-global-markets/articleshow/118403693.cms,,
GenNext less focused on building companies: Uday Kotak,https://timesofindia.indiatimes.com/business/india-business/gennext-less-focused-on-building-cos-uday-kotak/articleshow/118399347.cms,,
Automobiles on government's list for trade talks with US,https://timesofindia.indiatimes.com/business/india-business/automobiles-on-governments-list-for-trade-talks-with-us/articleshow/118399042.cms,,
Irdai forms committee to review Insurance Act,https://timesofindia.indiatimes.com/business/india-business/irdai-forms-committee-to-review-insurance-act/articleshow/118399282.cms,,
